stock_id,n_val_rows,MAE,RMSE,corr,directional_accuracy,MAE_zero_baseline,MAE_reduction_vs_zero_pct,mean_spread,mean_matched_size,mean_realized_vol,mean_abs_imbalance_ratio,n_obs
0,3960,4.287061981819489,6.018083544661694,0.11495148441526677,0.522979797979798,4.29954582988106,0.29035271527542045,0.0002307688852813851,24746275.868203465,0.00029383149067241203,0.19999105893784713,18480
1,3960,8.627606407877249,11.290260309457445,0.31949146338935774,0.6073232323232324,9.080239167412879,4.984810985596466,0.0009313516774891769,3121523.0850752164,0.0005817109530703872,0.18008215553007498,18480
2,3960,6.684981434833253,8.994312386809339,0.27052050744067035,0.615909090909091,7.047328831791415,5.141627496131101,0.0010057686688311693,4720145.176887446,0.0005509665652303057,0.21002644062777776,18480
3,3960,3.767235890885284,5.075355709908693,0.20803969842029507,0.5553030303030303,3.8308596066386364,1.6608208675435792,0.00023140156926406964,68473941.90481764,0.00028958758913227015,0.16993093925183914,18480
4,3960,3.9490182060805843,5.30322259327022,0.18343206798207934,0.546969696969697,4.0154103323785355,1.6534331687746522,0.00028285064935064836,25991910.7475671,0.0003402157412619979,0.20908948382359724,18480
5,3960,8.464140270148441,11.708211547870425,0.11890567876433784,0.5257575757575758,8.506305148147728,0.495689694467035,0.0005103812770562783,17104829.920502707,0.0005156897320789114,0.22335852887615115,18480
6,3960,5.9591533298665835,7.866887678523594,0.28213453155812657,0.6032828282828283,6.217879931447222,4.16100993317862,0.0009251801406926404,12280318.121474026,0.0005201601960244358,0.20441015002645213,18480
7,3960,5.837151163236457,7.943981280215878,0.2668656592607145,0.6108585858585859,6.147613879609848,5.050133636452364,0.0005943484307359304,66995529.7355606,0.0005172017664026075,0.18145061550906735,18480
8,3960,5.400279241902749,7.1480354745620875,0.34134560311357043,0.6237373737373737,5.784289401821464,6.638847630925786,0.0009864378246753252,49166330.26522024,0.0005520925544845508,0.20342356061640487,18480
9,3960,5.33964548916481,7.514534030084317,0.21603572610415336,0.543939393939394,5.397487172533839,1.071640960322562,0.00025389686147186057,13020015.783816557,0.00030423556809517304,0.24344180035136373,18480
10,3960,4.563635372078014,6.223478580305514,0.14262113687195085,0.5482323232323232,4.619878800159343,1.2174221557368343,0.0003881505952380949,14257749.189944265,0.0003171141884847235,0.18979751786083465,18480
11,3960,12.815384733326352,17.993051320293162,0.13014210824898143,0.5411616161616162,12.949865281198234,1.0384706323326154,0.0006536857142857143,13616336.497515151,0.0006827534822907353,0.37387405972163307,18480
12,3960,4.130137371622062,5.596511780233178,0.20973077604219714,0.5492424242424242,4.19027877604798,1.4352602211025014,0.0002667393398268395,91067145.901079,0.0002923433402097303,0.17077947461131607,18480
13,3960,6.090617267894411,8.624675880133664,0.1289093002032377,0.5502525252525252,6.151210625025757,0.9850639300957589,0.00044080075757575683,22877777.956280846,0.0004473935434341081,0.21744726788119925,18480
14,3960,4.23827859561133,5.714969377190922,0.21385995225592444,0.5757575757575758,4.349156313163636,2.549407507306904,0.0003597701839826828,118351522.6582132,0.00039185091155793825,0.14380605315108885,18480
15,3960,5.467935802856017,7.462127081837911,0.17073557761350927,0.5611111111111111,5.555330800758082,1.5731736063339161,0.0003131219155844151,44268316.73134037,0.0004365379722944162,0.2687931048824065,18480
16,3960,5.83420978603114,7.716446931915172,0.33567131111126625,0.6164141414141414,6.183970459454545,5.655924065559902,0.0009208101190476179,12348421.050227813,0.0005064425548163698,0.18385847294954893,18480
17,3960,5.792756535398507,7.6223978097599225,0.2907589845078888,0.5957070707070707,6.073363206636616,4.620284703728548,0.0006366684523809523,57963620.8634145,0.0005181747425891234,0.22799470122083537,18480
18,3960,9.469804534690493,13.323597642700268,0.10790417846386388,0.5164141414141414,9.512556616730809,0.449427885297661,0.00043155773809523755,14464207.989238637,0.0005136529379397453,0.40572929540575015,18480
19,3960,8.338060251517211,11.208557973613878,0.2559416180473574,0.5916666666666667,8.666848288377777,3.7936286170079794,0.001014481872294372,11230739.330540044,0.0005967688930879418,0.4257367292962268,18480
20,3960,4.81528704119581,6.314605894288372,0.29256365693693104,0.5936868686868687,5.01697533209293,4.020117252858435,0.0005703482142857144,15300008.566346863,0.0004200848209140823,0.22136123483678835,18480
21,3960,4.969526288841147,6.81899610856759,0.15302392526491254,0.553030303030303,5.0420503720648995,1.43838474176234,0.0002867724025974032,7223570.450476191,0.00027169118258627326,0.331017311927801,18480
22,3960,6.648144500747837,8.91579738873129,0.11786862546245509,0.5484848484848485,6.714011082840404,0.9810317748939659,0.00025487451298701326,38964629.85047294,0.00045945422059949617,0.26135773186369227,18480
23,3960,5.425364383890378,7.468948904667185,0.13917018496309513,0.5583333333333333,5.4958471779931815,1.2824736900442735,0.00033913008658008624,27114758.43972186,0.000394975018476225,0.1964539598534752,18480
24,3960,4.557119019714235,6.123777252094439,0.15168703716049303,0.5482323232323232,4.635229109371212,1.6851397808807227,0.0002812048701298712,17757646.30233766,0.000285559339991104,0.20821536105740066,18480
25,3960,5.256925278740885,7.002513876877787,0.21956859213709343,0.5765151515151515,5.387116863950758,2.41672101233003,0.00037568143939393947,18846672.87560552,0.00032481290466375966,0.2437704384518167,18480
26,3960,5.139598703298512,7.927590771179538,0.024978820826087583,0.5151515151515151,5.1105309860047985,-0.5687807660948682,0.000692444859307359,12380408.021060606,0.0002892792746983954,0.22311454601547487,18480
27,3960,6.0816012363430865,8.871956184121393,0.19254047189045753,0.5858585858585859,6.288761301543939,3.2941314714869736,0.00047259567099567176,16659707.654448053,0.00043909653869729645,0.2261730450125534,18480
28,3960,5.79380795878153,7.830787812675463,0.16624166865191367,0.5452020202020202,5.848242328247223,0.9307817017563254,0.00036834117965367996,22444192.713789504,0.0004436344572617781,0.21973536361258522,18480
29,3960,5.244414958823983,6.998230036678059,0.27723405078931235,0.598989898989899,5.487532630532828,4.430364028381889,0.00063259788961039,30483498.329247292,0.00039597718461527467,0.20041651776484354,18480
30,3960,5.20695574314198,7.215803331643523,0.09685805018963291,0.5040404040404041,5.213964917838131,0.13443079895246285,0.00022277218614718581,9960171.081714828,0.00027186818001478463,0.2532393573727159,18480
31,3960,13.542625096190845,21.590547332673435,0.12912866620411736,0.5381313131313131,13.619434501320203,0.5639691216394694,0.001579297564935065,1581331.7137040044,0.0005053782983632849,0.37581340388495993,18480
32,3960,4.9050759197127745,6.855383354965425,0.10872083001958929,0.5426767676767676,4.949883081413131,0.9052165670055545,0.0002727436147186147,13287103.397595238,0.000307592442863743,0.20323546356748853,18480
33,3960,7.957286242627772,10.338733604121584,0.1733551893922761,0.5588383838383838,8.095724576675506,1.7100178339390053,0.0005423902056277053,5878437.424750541,0.0005153758960732993,0.2115635758359751,18480
34,3960,5.733267175450529,7.653314646753109,0.2896967300927649,0.6176767676767677,6.044571746665909,5.1501509827737655,0.0006967389610389613,44901345.14972565,0.00043755949997694625,0.20332212941596267,18480
35,3960,4.3742534223473255,5.770763413734439,0.08955355826845943,0.5116161616161616,4.369249093857324,-0.11453520690860591,0.0002259470238095236,20587737.27131331,0.0003169849763526357,0.22421492523698808,18480
36,3960,5.468165455308618,7.376742034162978,0.08251849910548247,0.5335858585858586,5.501656826075758,0.6087506332347563,0.0003090529220779224,43037956.56328517,0.00034191924971176395,0.45916677875443895,18480
37,3960,4.316854220000184,6.119244331319929,0.22817873830394236,0.5843434343434344,4.463515798477021,3.2857860282891544,0.0003227985930735929,53536851.890400976,0.0003138943759756712,0.1796256256757566,18480
38,3960,5.207330836851179,7.00893734953831,0.1334917088046876,0.5391414141414141,5.259721422685858,0.9960714955113615,0.00015575833333333406,55279415.99911742,0.0002266413194978235,0.33299743389717407,18480
39,3960,4.347483196528704,5.765158108770183,0.2972382680128138,0.6176767676767677,4.608959562279545,5.673218916711814,0.0005785138528138526,22163098.890671536,0.00037814281208798853,0.18976543038314198,18480
40,3960,6.753009127365723,9.091756415346067,0.12057160124781917,0.5396464646464646,6.792503926233586,0.5814468316363945,0.00036591699134199145,10369168.115162339,0.0004535319265964369,0.2797627747499689,18480
41,3960,5.360129169903255,6.995378091924771,0.17847776503381427,0.5603535353535354,5.452160433360858,1.6879779049508483,0.00020116314935064912,303832109.24456066,0.00047750046212177016,0.13879654681150713,18480
42,3960,8.83445914050959,11.439967829800377,0.3590891644556488,0.6174242424242424,9.43344214145707,6.349569880914767,0.001272369534632034,6037183.795496212,0.0007019880819856222,0.18100467312388685,18480
43,3960,5.4919112105140195,7.873113175751564,0.15621479541199715,0.5714646464646465,5.610812190798485,2.119140264210914,0.0005083621212121204,9308579.801938852,0.0003460810494426193,0.22630658486479993,18480
44,3960,4.784380698000465,6.7546670563674285,0.18793163535604768,0.5583333333333333,4.871570098476262,1.7897597430255223,0.00033191866883116965,32578054.853031386,0.000309482245226582,0.18802365500911458,18480
45,3960,3.478903267670821,5.014247332522252,0.1342475887283372,0.5351010101010101,3.5025980166287884,0.6764906747926916,9.15155844155845e-05,788676050.243789,0.000327617722813255,0.11277801416532511,18480
46,3960,6.005346538031346,8.066116280612322,0.21827025653049037,0.5603535353535354,6.154306157140656,2.4204128833674736,0.001205202976190476,12946599.23632684,0.0005968121106049149,0.20366780853807748,18480
47,3960,5.864973053968942,8.070517728289289,0.15228866775988853,0.575,5.981148341986112,1.9423575770834665,0.0005111626082251082,4689324.32645184,0.00040416946132196263,0.24620325898915607,18480
48,3960,5.369424406956546,7.231201599585692,0.17336265683710975,0.552020202020202,5.462621045044697,1.706079138927135,0.0004125715367965369,25956264.748252165,0.00041293139098781564,0.29121792415908043,18480
49,3960,5.916860490035727,9.3844338167816,0.07123733580249093,0.5287878787878788,5.932760363155555,0.26800127000867385,0.00026159853896103963,15225359.228572512,0.00029890748493260536,0.18793702115738609,18480
50,3960,6.549382433276009,8.83469719070537,0.09867484069613369,0.5207070707070707,6.5686138327292936,0.2927771359835516,0.00042737543290043264,35809185.66265206,0.0004812046151058614,0.1987231550775484,18480
51,3960,8.866101189508838,12.13993455018441,0.10145347218928694,0.5272727272727272,8.89080266114192,0.2778317388714879,0.000474451352813853,13851621.753872836,0.0005393064741818509,0.33520822695280117,18480
52,3960,5.525552121619845,9.397550503253793,0.18858346953081112,0.5669191919191919,5.641664675601515,2.0581257600052187,0.00046619274891774817,10946155.406698594,0.00035077574595795524,0.20515260479309858,18480
53,3960,4.37535707475341,6.710523250178032,0.05987537296786652,0.5424242424242425,4.421215614383334,1.0372382536769835,0.00022650627705627703,33923111.755833335,0.00033059965670010233,0.19718352285184196,18480
54,3960,4.9970821945864685,6.574599583574111,0.31576131049576706,0.6055555555555555,5.264782695729293,5.084739800561549,0.0005779672077922069,31296327.99844643,0.00044239926945216723,0.17281903258705572,18480
55,3960,4.114061283360887,5.543646930995981,0.13133923767137784,0.533080808080808,4.14951265972904,0.8543503605184256,0.00022503825757575784,20578567.6905092,0.0002868347552617337,0.1737942689460997,18480
56,3960,6.938540571260733,9.359113959614854,0.15460089283885856,0.552020202020202,7.038625809842677,1.421942880412639,0.0004632917207792206,17461431.77154383,0.0005210614360401338,0.23234480295292542,18480
57,3960,5.657430199901438,7.43119817621861,0.31924649441492253,0.602020202020202,5.955270291987878,5.001285877605738,0.0008281241341991342,26131551.426617425,0.0005056724944890354,0.16909857056792904,18480
58,3960,4.893867496914699,6.614139499214752,0.3120786835970522,0.6116161616161616,5.148479883265151,4.945389554265433,0.0005002101731601727,83501909.46367694,0.0004444329826497895,0.1653800364004512,18480
59,3960,7.666507827799881,10.667508884028573,0.1124895183273514,0.5388888888888889,7.7315610996088395,0.8413989228158525,0.0003598523268398269,12075209.972740801,0.0004708527954278733,0.5551261584458811,18480
60,3960,6.04292549610006,8.05764929346828,0.12765383262389704,0.5277777777777778,6.0874372756479795,0.7312071982406002,0.00045964458874458893,29760679.395011365,0.0004896496531315618,0.2563149960342532,18480
61,3960,9.246142254845582,12.547980763416367,0.1047815454127905,0.5328282828282829,9.287454114288638,0.4448136048338361,0.0004747231060606057,8648295.099320889,0.0004642107467945647,0.36710429553949464,18480
62,3960,8.823398208316219,11.68538457103272,0.2894230106898365,0.5823232323232324,9.204360116488889,4.138928761492145,0.0010945884199134199,6514777.107240801,0.0006235178983562889,0.29698283333595527,18480
63,3960,4.839513675173103,6.6000381420269925,0.1253978163024463,0.5373737373737374,4.891025744766668,1.053195633833694,0.0002987312770562777,8802020.75160119,0.0003032828409521811,0.2342885862327261,18480
64,3960,6.90932150447494,9.298634937297301,0.32696459527865745,0.6176767676767677,7.3388045738664145,5.85222109498418,0.0008665732683982676,8066387.707458332,0.0004907372052408595,0.20831235558981892,18480
65,3960,5.1009027641906455,7.1008405310480684,0.21532643159965073,0.5416666666666666,5.165813542974495,1.2565451355116728,0.00022320508658008574,32280213.320916127,0.0002884832819302816,0.260093727454002,18480
66,3960,6.016213960495228,8.01921588313425,0.18497639116747674,0.5633838383838384,6.121052634430303,1.7127556352867788,0.00048738603896103755,12954616.454998376,0.0003625988429826015,0.35282955009057754,18480
67,3960,6.527190902887951,9.114277232914421,0.1664050525474358,0.5454545454545454,6.623962759534596,1.4609360009965384,0.0005135985930735933,57964729.1900671,0.0005596122889152315,0.2077723757127808,18480
68,3960,4.3822068059475,6.078833264097967,0.19775143916694676,0.5691919191919191,4.494907429095455,2.5072957547122265,0.0003026884199134202,25858747.006748915,0.00029724845988939887,0.17170962814572824,18480
69,3960,7.892280654324484,11.265609019917136,0.13867887264266687,0.5247474747474747,7.959993041588636,0.8506588750816124,0.0012506206141684403,4957343.081644877,0.00047279207407151176,0.5938132939512621,16445
70,3960,13.162114134185153,18.181201877207783,0.10621175208413801,0.5419191919191919,13.271321703705809,0.8228838992740378,0.0006984500541125535,4389602.953590368,0.000638822652261965,0.5428489949316947,18480
71,3960,5.770568768034138,7.831279262973605,0.31522035165678847,0.6174242424242424,6.136138629389394,5.957653231697491,0.0008199209415584412,36398482.515387446,0.0004613696771424384,0.2418298907255133,18480
72,3960,4.347075905229639,5.7410956629914836,0.1869055966082436,0.55,4.417679374823737,1.598202667139352,0.0002247772186147191,71999447.71538529,0.00035090279777481295,0.1969269353668674,18480
73,3960,5.760648612621525,7.741638401465521,0.05527794498208967,0.5131313131313131,5.760013608764899,-0.011024346464386783,0.000416075115332429,12020024.963939212,0.00028418233586971736,0.26409160392121567,18425
74,3960,6.33735400225114,8.39909546029466,0.30043167641877,0.6045454545454545,6.6476179792901515,4.667295533612209,0.0007978912337662339,24068674.04692262,0.0005537923709695801,0.17035590816223015,18480
75,3960,4.52801048879669,6.090446758305612,0.17566083378055433,0.5686868686868687,4.634557499287626,2.29896835905722,0.0003547059523809526,27377494.05774513,0.0003770421691510942,0.18007141268977594,18480
76,3960,5.547482264633296,7.46788426285254,0.09812722512127833,0.546969696969697,5.602723719220959,0.9859749892387039,0.0003661056277056268,8374266.576498918,0.0003189068532760471,0.22018618342842008,18480
77,3960,5.184581548017921,6.936237772627333,0.2664014149880022,0.5904040404040404,5.4044601602053035,4.0684657795503005,0.00041841201298701343,42657655.59995616,0.0003515274043395791,0.19770997771650553,18480
78,3960,8.382236931751768,11.388768897989705,0.03638279677812123,0.5098484848484849,8.352092274458334,-0.36092342257304444,0.0008780808324205898,5195391.71628368,0.0005278783092283913,0.5970224488257497,18260
79,3960,7.894896708548839,10.808834225388724,0.10340470843421108,0.5103535353535353,7.918731433201767,0.30099170370892026,0.0007451303225806447,18817615.40950616,0.00045816815204485013,0.26828722073288874,8525
80,3960,10.460788316047605,14.158280128447222,0.16488266558058637,0.578030303030303,10.649754549452526,1.7743717240378571,0.0009420677489177489,4748183.892039502,0.0007078792519672384,0.35212146619237145,18480
81,3960,7.498062241591353,10.384648092837542,0.23134679923281157,0.5805555555555556,7.760690920039142,3.3840888801491444,0.0007338491883116886,13636662.847012985,0.0005069600991230443,0.2465549960194376,18480
82,3960,20.42134867997065,34.74065828234788,0.017099000859442687,0.5035353535353535,20.32031870661288,-0.497186952707045,0.001647073593073592,4711123.731713745,0.0005631034872305387,0.43645962669596317,18480
83,3960,5.137083904333115,7.126648538450248,0.028141268251391193,0.4845959595959596,5.096180420527525,-0.8026302138132587,0.0002452105519480514,137789539.09024295,0.00032129057855951183,0.16395220551000653,18480
84,3960,4.0839015749128125,5.560106547656038,0.07651757017904696,0.5444444444444444,4.115662790301011,0.7717156872775617,0.0003512396645021637,264869704.86393294,0.0003668769793459303,0.15211462946802806,18480
85,3960,9.645660071460275,13.089256782580891,0.2640525302351748,0.5898989898989899,10.004706008302776,3.5887704900527106,0.001194156601731601,25164945.019445885,0.0007806652339542466,0.5423511885167147,18480
86,3960,12.522147326384816,17.506631749603592,0.09702005032030744,0.527020202020202,12.558817875735857,0.2919904541484687,0.0008636040043290036,10856309.213027056,0.0008092578897858654,0.49694961066732285,18480
87,3960,7.617584499072695,10.330465214923262,0.15959685059518838,0.5464646464646464,7.7201004703113645,1.3279098067817603,0.000549925108225109,10464915.89484686,0.0005171946780866783,0.2622497741348826,18480
88,3960,5.07504940969696,7.152009758974569,0.13794549533844458,0.5757575757575758,5.19074108119697,2.228808366479572,0.00029768322510822473,107004532.04211256,0.0003842930307262321,0.1886507678299518,18480
89,3960,7.50727123830517,10.073700142654836,0.16312151720289322,0.5633838383838384,7.663562139414898,2.039402803376512,0.0005993627705627709,16449365.151083335,0.0005075187795911317,0.2646890538618252,18480
90,3960,5.229108855761976,7.034064728981909,0.24221661226879168,0.5901515151515152,5.425544848879799,3.6205763400588333,0.0005952946969696977,7819276.167948051,0.00041637810166105085,0.22573627889339132,18480
91,3960,7.893272699639744,10.906413436635725,0.12215256580319939,0.5194444444444445,7.907790671687627,0.18359074804371897,0.0003865627164502153,21569085.958279762,0.0004593459578042166,0.2803312598415265,18480
92,3960,13.254966312758798,17.545491133403914,0.3937489996361516,0.6565656565656566,14.381867310019949,7.8355680313920795,0.0019000836038961047,5816366.092065476,0.0010026349630703995,0.3056039899306824,18480
93,3960,7.057697021895361,14.307494641252852,-0.15116209652592458,0.5515151515151515,7.089912001005808,0.45437770039848896,0.00026618111471861535,6632768.739176949,0.00033664668753925536,0.1721656825789584,18480
94,3960,7.966154540880616,10.643679302034178,0.2753254915837186,0.591919191919192,8.37572535692904,4.889974283953755,0.0010885746212121218,5360529.665365259,0.000613526029288398,0.22981411857415526,18480
95,3960,5.082552149751351,6.716396778070471,0.16199175266149554,0.5464646464646464,5.150245596421212,1.314373177017033,0.0001537642857142862,135394805.7430866,0.0004291416524663096,0.20290161361047254,18480
96,3960,7.517354780802213,10.151425817027866,0.07810014953319483,0.5414141414141415,7.5553444828787875,0.502818927219837,0.00024314713203463188,47961080.04873214,0.0004812276832776516,0.26537229599328327,18480
97,3960,6.963906808748089,9.664039864970935,0.20078081801210343,0.571969696969697,7.137237322545454,2.428537905694135,0.0006968192640692647,6583859.565295995,0.00045952126941263316,0.2632084617472876,18480
98,3960,6.578588739351288,9.136028789618424,0.08029237005407276,0.49595959595959593,6.561389021594949,-0.26213531463735135,0.0009254296536796546,2957563.4465714283,0.00032263939081548815,0.21971621150367743,18480
99,3960,6.862378906314325,9.679486245497179,0.12108192878151446,0.5462121212121213,6.951748576302526,1.2855710906008493,0.00036505552238805846,18754886.766670287,0.00034640848659679214,0.23808266194268773,18425
100,3960,10.973873997821865,16.05146674151777,0.07844422559628096,0.4909090909090909,10.893860390637627,-0.7344835009360244,0.0010524610389610399,4824262.068257576,0.0006212326028167534,0.3552495637445263,18480
101,3960,8.782202661175372,11.995759879383806,0.391566126850263,0.6257575757575757,9.343777187611868,6.010144668058235,0.0022291397557666214,5090993.396304478,0.0007926290809649996,0.31710047660983204,18480
102,3960,8.921000843556792,12.20523139271962,0.1712382925666368,0.5477272727272727,9.043012158059847,1.349233113595995,0.0006374181818181819,14487972.573317073,0.0005801971742123166,0.2787719886858478,2255
103,3960,5.879932229154852,7.622911354577237,0.18359723066204592,0.5426767676767676,5.954877291768939,1.2585492352240353,0.0005351096861471874,22417270.605050866,0.0005129642084754442,0.3087870628405033,18480
104,3960,4.463345719868576,5.9931385697161375,0.1375232632817643,0.5474747474747474,4.5151880579424235,1.1481767184127512,0.00024348560606060756,26825675.63465693,0.00027785029198876363,0.1769223660256931,18480
105,3960,3.659174380272554,4.875289379837092,0.14233051411910777,0.5522727272727272,3.702032296288889,1.1576861730595367,0.0001670628246753251,49955075.97139719,0.00023262590085682013,0.20491802420300023,18480
106,3960,4.787786900226302,6.876214639313178,0.12448899240943745,0.5545454545454546,4.847841126309343,1.2387828833153296,0.000383452002164502,8926558.398661796,0.00035290978420061785,0.20140408522599354,18480
107,3960,8.556625471930316,11.97967431175194,0.27161984126927646,0.5992424242424242,8.93595107063106,4.244938179523355,0.0011143051406926408,6707510.143642316,0.000619292770197899,0.25181228586299154,18480
108,3960,7.351871792661364,9.78189446873991,0.25847219663208926,0.5964646464646465,7.627328998733081,3.611450431959479,0.0009293423160173166,14745396.896023808,0.0006161400101157607,0.22586037737900758,18480
109,3960,4.544746002670534,6.2992065228583405,0.12170875331406521,0.5411616161616162,4.58633177115101,0.9067326690593852,0.00031069107142857056,42104753.62601732,0.00027805964277729714,0.18810578951827375,18480
110,3960,4.447502757434979,5.877164531137069,0.15877514110191382,0.5305555555555556,4.485632134419192,0.8500335257463176,0.00018823885281385295,71543431.9774145,0.0002923341973305513,0.28692458340103966,18480
111,3960,8.311163575965283,10.917154989677927,0.12260187275366866,0.523989898989899,8.368306844659344,0.6828534105501829,0.0005340749999999998,2898624.9985557357,0.0005068950823434222,0.25218050766714895,18480
112,3960,3.33947765752623,4.4609641518436245,0.11544843788864044,0.5351010101010101,3.3489667397345957,0.283343578656077,8.347083333333293e-05,892312302.735322,0.00033722568032731437,0.11326014099996327,18480
113,3960,5.413697275660517,7.020224153793347,0.20598355307008862,0.5618686868686869,5.499230786561869,1.5553722733434858,0.0005298030303030304,23846316.08803193,0.0004273709186453223,0.25029164190484293,18480
114,3960,7.854563213507708,11.010317603032846,0.20352062598618653,0.5757575757575758,8.075526120130554,2.736204469353806,0.0007110887445887445,8978216.302639069,0.0004655875230036456,0.27953776709083844,18480
115,3960,6.000513943069141,8.521635520952724,0.26734933107196424,0.5873737373737373,6.274714169927525,4.36992378350122,0.0006782568722943722,28616038.142582793,0.0004999526119636038,0.16039077106710856,18480
116,3960,4.561002990238156,6.195606394905872,0.2588897012029341,0.5931818181818181,4.731395626652778,3.6013187198882823,0.0004906414502164498,14999910.187944265,0.0003691634155988379,0.19413361332856371,18480
117,3960,5.848681367259983,7.889460089554687,0.07043287660737331,0.5196969696969697,5.8533468055893945,0.07970548276681774,0.0007981549783549799,4926386.861450217,0.00020586334013208865,0.3012756546401123,18480
118,3960,7.423670290510839,9.743781853409521,0.3130799492917482,0.6128787878787879,7.830781168299242,5.1988539717656685,0.0011015177489177486,24648646.274145562,0.0006532970897992014,0.2539261265054839,18480
119,3960,6.907925082135126,9.280347719103318,0.24871827051397685,0.5946969696969697,7.17256993042298,3.6896795828416167,0.0008798550324675323,10894596.70488474,0.0005427708381547425,0.3976748644054163,18480
120,3960,5.5153555577031685,7.545171074368715,0.08410275082194302,0.5267676767676768,5.535656302329545,0.3667269699860747,0.00030198885281385225,10799909.257752705,0.0002954705744366829,0.22404092445214052,18480
121,3960,5.036784371919216,6.777551293377242,0.13182156267156922,0.532070707070707,5.06612568209495,0.5791666456170577,0.0002811544372294363,32751369.639579006,0.0002483980591675824,0.20747590565326937,18480
122,3960,5.972736026938336,7.949030383432814,0.07913505069700845,0.5252525252525253,5.99570783006591,0.38313746731252724,0.0006156140692640689,10616445.750334416,0.00034963214079001306,0.25208787525921095,18480
123,3960,4.377957692764489,6.019050568715322,0.12030878917485446,0.5328282828282829,4.390631960619444,0.2886661411986692,0.00016703327922077912,56413185.16912067,0.0002462925579257151,0.19078138989221718,18480
124,3960,7.670971047253587,10.656731663518029,0.09615128152640044,0.5494949494949495,7.727032804408333,0.7255276193827328,0.00046793836580086534,4936294.473097403,0.0004680996434636635,0.30184103617512403,18480
125,3960,7.835446813230565,10.911364121907473,0.24625729574386987,0.5873737373737373,8.130503125178787,3.629004348260851,0.00101635643939394,8984371.767231602,0.0005448983724123809,0.46972950324885276,18480
126,3960,5.16499161674141,6.85830103848115,0.12102381142015485,0.5262626262626262,5.212308332259595,0.9077881142475155,0.00017501011904761906,78235956.45872727,0.0003804226431318566,0.182146758233262,18480
127,3960,9.989393540578691,13.630584319982326,0.19378175681600107,0.5626262626262626,10.182108089031313,1.892678282017301,0.000876349080086581,15474955.2859908,0.0006332148377493687,0.30861648805978587,18480
128,3960,5.8718684658878235,7.968535401091251,0.11837139636184511,0.5282828282828282,5.880919825178788,0.15391060514397137,0.00027538549783549744,13292771.146612553,0.0003585841610567909,0.2568694403049149,18480
129,3960,11.226021250205877,16.405424343337025,0.0737984222409963,0.5262626262626262,11.254553558385354,0.2535179030555011,0.0009292274891774878,3864762.315460498,0.0007231182512885113,0.3542866546498073,18480
130,3960,3.6906369981352247,4.909889128094369,0.13775331126877252,0.5553030303030303,3.724636149991667,0.9128180710085807,0.00015291704545454638,60022522.645550326,0.00027126741097561617,0.19313168284214977,18480
131,3960,5.39629501661804,7.4817806892240535,0.17409369935049385,0.5593434343434344,5.49590241449899,1.8123938594355566,0.0003123397014925372,13759391.493077341,0.0003258530979196996,0.2221029554097608,18480
132,3960,5.040276356700686,6.75913040443071,0.21348732585673924,0.575,5.154576415831818,2.217448145303845,0.00043452824675324744,15496466.674902057,0.0003607180918077152,0.22027210511895323,18480
133,3960,4.167160821372465,5.774281893013975,0.2330112213686608,0.591919191919192,4.339036917609091,3.9611577292440643,0.0004960742965367959,48088690.77560227,0.00043242020982437325,0.15814566099835253,18480
134,3960,6.395363344001708,8.940153228547128,0.09334904753109982,0.5345959595959596,6.430884501164141,0.5523525909383579,0.0008651754329004324,10287191.570583334,0.0002909082203159674,0.263548269682299,18480
135,3960,8.852006776161936,12.087133025372394,0.06936963027058696,0.503030303030303,8.842250456482324,-0.11033751789353077,0.0007051919749216306,5248951.833226332,0.0005493461071341021,0.32954276491188433,7975
136,3960,6.16176118811059,8.383693264687727,0.17727023635434652,0.5411616161616162,6.242407092521717,1.2919039597359818,0.000557622510822511,3828271.924928571,0.00041366955169291626,0.23603260125562542,18480
137,3960,5.5219728493849205,7.716529362829004,0.14297241764498822,0.5467171717171717,5.589846255398485,1.2142267052159936,0.0003482341991341993,17840288.897590365,0.00035946627705270317,0.24152064715717564,18480
138,3960,7.879588296247272,10.735778385447233,0.21580690279650147,0.5734848484848485,8.12367386692904,3.004620503974506,0.001285711634199131,1277378.338819805,0.0005660784985738773,0.2280645671210437,18480
139,3960,6.26488569739163,8.48914941658511,0.09461522298275753,0.543939393939394,6.3265855555050505,0.9752473521792875,0.0003362011904761904,19655007.192217533,0.0004077031201464127,0.3973559411555346,18480
140,3960,4.391686640454891,5.9665747175835175,0.17244226863393436,0.5654040404040404,4.454680465786868,1.4141042397044379,0.0001831551948051957,120914982.51176679,0.0003244847986187526,0.18385302277450075,18480
141,3960,4.927733100235142,6.595306260455718,0.12246242756002981,0.5414141414141415,4.9705395552563125,0.8612033873848384,0.00021412683982683972,83123252.66739503,0.0004192090138971752,0.15354925082105508,18480
142,3960,5.667525431048386,17.089297556584423,0.14990928489251834,0.5941919191919192,5.8606188833055555,3.2947621420531528,0.0004030333333333325,149860981.8381699,0.00039798744438221645,0.17540629134496924,18480
143,3960,7.756588720656449,11.75151105147556,0.19371774697515717,0.5351010101010101,7.811775417102778,0.7064552358418489,0.0019105774350649369,839941.6456758658,0.00040061699981989096,0.4954395978512423,18480
144,3960,4.381596721465786,5.957215688488338,0.14137488858069766,0.5585858585858586,4.440312733343687,1.3223395603869095,0.0002997899350649348,21494429.060336582,0.00029256315300097227,0.19440358849749906,18480
145,3960,6.083390548567725,8.20598056269775,0.0512039007952884,0.5267676767676768,6.1087650458588385,0.4153785110513442,0.0003958883658008667,11778151.948149892,0.00037377640815552775,0.4764921987029297,18480
146,3960,7.159989425155738,9.71178923612361,0.25916088762449624,0.5883838383838383,7.420723336920201,3.513591599180609,0.0008016273268398272,7650982.57308712,0.0004715105135978041,0.3762374536776046,18480
147,3960,5.993596976457757,7.999104538488769,0.1441993738885857,0.5272727272727272,6.053394137524495,0.9878286413907953,0.0003379606601731604,16502289.199457249,0.0004526209820517845,0.2744776815414008,18480
148,3960,4.1668410505055435,5.59471592543914,0.15575023707871005,0.5411616161616162,4.202329600421211,0.8444970597287399,0.0001797581168831156,25130903.69238366,0.0002602461622784135,0.2083708889570374,18480
149,3960,4.504146801347479,5.930735512364252,0.2768830770485109,0.5934343434343434,4.694916080212879,4.0633160551988095,0.0004333660173160177,21554676.733859304,0.0003272548423641159,0.22622037873451886,18480
150,3960,5.08142030313103,6.634835720281187,0.11301933003384923,0.5295454545454545,5.12244650689495,0.8009103405706159,0.0006411962586150309,46542983.393539876,0.0005196543692274272,0.3455258691092265,15235
151,3960,3.4648444082874064,4.843122062198364,0.1862623736761435,0.5643939393939394,3.515363944192172,1.4371068460274257,0.00020446336580086534,130142148.2311158,0.0002805318937024644,0.16418922648191187,18480
152,3960,6.22408151122297,8.222086993914768,0.26332384350452404,0.5873737373737373,6.499251633152273,4.23387395135892,0.0005872480519480514,20338350.249151517,0.0004080347973259072,0.17419207616742735,18480
153,3960,7.767415173225867,10.471632416191852,0.07858154591254385,0.5222222222222223,7.775136469517425,0.09930753398128886,0.0006819368421052618,5332419.181261107,0.0005656933017322352,0.5089213976365587,14630
154,3960,5.799561850021676,7.964093043481648,0.044635101953238776,0.502020202020202,5.779976200515404,-0.3388534628313106,0.0004290191017316029,6450530.0175248915,0.00029819490149981344,0.2705075095830791,18480
155,3960,6.654111093726247,9.094804918021039,0.1440330456294144,0.548989898989899,6.718366588945706,0.9564154377223828,0.0005697044372294367,9441679.976037338,0.00046129519182213166,0.4112528019368669,18480
156,3960,10.953949746556603,16.342043763467675,0.06270127437279024,0.520959595959596,10.956336597023737,0.021785114449503824,0.0005528048038917616,18814121.60793676,0.0005666494398780271,0.38265486214516853,16445
157,3960,4.845281186061613,6.469491963055181,0.25376116642151175,0.5843434343434344,5.015610144924242,3.3959768391289433,0.00046881791125541136,29034552.845857684,0.00042773795057893054,0.15953225306156185,18480
158,3905,10.847841311910368,15.690855535590842,0.14731938075301984,0.565685019206146,11.031876149033033,1.6682097826016296,0.0011321270021645046,5006018.1019637445,0.0007736373178948718,0.276788188506574,18480
159,3960,6.925362764034231,10.187767617481052,0.1834245125829196,0.5573232323232323,7.0499409016330805,1.7670805945336567,0.00034044123376623253,12185915.371704005,0.0003938634267134115,0.2469015273860568,18480
160,3960,3.9662897367159338,5.423738412078901,0.08059685844707842,0.5300505050505051,3.994085871996717,0.695932340255058,0.00013470622294372225,119438298.78436416,0.00023039884277026326,0.16449087660956757,18480
161,3960,10.422986415604399,14.329570628154308,-0.004882810313425746,0.502020202020202,10.346515322798991,-0.7390999811975361,0.0006556852813852834,9653312.217837121,0.0005536456324849735,0.32373934716790503,18480
162,3960,6.795611700586743,8.94203988456345,0.21601136901574128,0.5752525252525252,6.964098329375252,2.419360279245567,0.0005676932900432902,26140314.062207792,0.0005430294972947931,0.20319721622233583,18480
163,3960,3.467959584123349,4.560446516779414,0.26430700644002464,0.5987373737373738,3.6129319306780303,4.012595568814796,0.0003175892857142852,114370172.52239557,0.0003295499626333971,0.16541334589647158,18480
164,3960,4.092665784201572,5.517564636761811,0.1671742079310358,0.5565656565656566,4.158996270556818,1.5948676565262974,0.00037981369047619066,15084852.956504872,0.00034057330098987294,0.17436799413183554,18480
165,3960,6.084187690241193,8.40526470374301,0.17552039347989742,0.5563131313131313,6.173081168747979,1.4400179760606515,0.0005754071969696986,11082025.533202922,0.0003238500797423644,0.23755219487626006,18480
166,3960,4.532548168472377,5.991024491882218,0.1547186064775555,0.5477272727272727,4.593652911633838,1.3301993933130707,0.0002721282467532462,25599752.75748106,0.0002634723697163435,0.18602603689021174,18480
167,3960,5.620307627296595,7.531068817432448,0.18341979779858195,0.5398989898989899,5.7036738189159095,1.4616227061027873,0.000355731277056278,11668239.023587123,0.00030549194538331066,0.23820351266403844,18480
168,3960,4.421540755257586,5.912555839506001,0.13974403875654554,0.5623737373737374,4.463339092030304,0.9364813183778233,0.00026703360389610393,507726430.3276088,0.00037595557990800603,0.1250361464574543,18480
169,3960,4.467861090653594,5.95938414229524,0.3761316486409594,0.6308080808080808,4.854214314995959,7.959129928582201,0.0006377859307359305,13973515.786358224,0.0004369292253402151,0.1340610930249775,18480
170,3960,5.0361323143679515,6.851961984838803,0.13156170866047875,0.5462121212121213,5.094484849905808,1.145406007811286,0.00028118658008657936,12900583.753479436,0.0002806887083759624,0.1969107206252171,18480
171,3960,4.699176525973308,6.289801378594953,0.24203478500313114,0.569949494949495,4.832509790508586,2.759089382439622,0.0004248935606060608,22172817.098501083,0.00036633915346824807,0.16052312542912783,18480
172,3960,9.421297280350627,12.706590498986701,0.1110067126353362,0.5305555555555556,9.485131863628535,0.6729962661108202,0.0007731664502164491,7688299.674250541,0.0005862834077990678,0.30258565011634797,18480
173,3960,6.867324786151841,9.217620400715651,0.247570238263769,0.5843434343434344,7.113776569635101,3.4644296327105715,0.000713172240259739,4922936.817662338,0.0005047774852486753,0.18609126821422173,18480
174,3960,11.74983698664388,15.733645624971162,0.029048191819073234,0.5138888888888888,11.688157761506565,-0.527706986814016,0.0005868568722943731,12135201.04274026,0.0007393136823298991,0.4417783033865947,18480
175,3960,4.0925051149467,5.55341593230775,0.11279267260999809,0.5446969696969697,4.139254791472475,1.1294225381362581,0.0003192190476190473,298817834.5528414,0.00036965597230827045,0.1407728613071082,18480
176,3960,4.900162620200264,6.774496535784154,0.13332050622535224,0.5525252525252525,4.96113556605404,1.2290118873383589,0.000549957467532468,33035738.581386905,0.0005000536897513719,0.18434041705106421,18480
177,3960,10.070341179230356,13.321532266450296,0.30853020594187425,0.604040404040404,10.620478878681315,5.179970750238583,0.0015430714285714292,5833220.843788961,0.0007810505667175166,0.17152131561783712,18480
178,3960,5.725151819321452,7.531279174388261,0.14312230110353905,0.5419191919191919,5.7920878245992435,1.1556455513936026,0.00038340227272727276,27105705.666028682,0.00044986090976504954,0.2925251874079695,18480
179,3960,4.738369118827684,6.563390451844979,0.1682688687865869,0.5452020202020202,4.7895167774489895,1.0679085385425413,0.00016259247835497784,279408105.5335416,0.0003630249474583783,0.14440418935748842,18480
180,3960,11.315143096680858,15.674211558425831,0.11353109205895145,0.5454545454545454,11.406233815232575,0.7986046930764217,0.0009042027056277056,3718993.375878788,0.0006572584405602975,0.22370461596761265,18480
181,3960,5.5955209908153165,7.324929022518854,0.2846844498642503,0.5876262626262626,5.845258626356818,4.272482220297514,0.0005056950757575761,8881786.193409631,0.0003764117685592593,0.22957954463887031,18480
182,3960,5.833509553961966,7.638531572623956,0.08772131050237952,0.5366161616161617,5.864398345688636,0.5267171482199656,0.0002483074675324667,11673747.675186148,0.00034274733437268196,0.2644711742725251,18480
183,3960,5.168878927263402,7.046662271891663,0.12361217419160303,0.5474747474747474,5.2303319613399,1.1749356356485339,0.00023372803030303032,43211368.2833079,0.00040584046711887237,0.20619499108361636,18480
184,3960,6.8701166852960105,9.44036771256894,0.15123453816135,0.5573232323232323,6.9553921341351,1.2260336612882234,0.00048375156926407033,26346317.778319802,0.0005418483043121863,0.218754862969441,18480
185,3960,5.901305389988821,7.881524318785987,0.22913317852007387,0.5863636363636363,6.075094597693182,2.86068315331834,0.000581763311688311,21242988.56971699,0.00042909248715956893,0.20949721207309674,18480
186,3960,4.647075795023826,6.471047232922762,0.06898539459085486,0.5212121212121212,4.651227535805809,0.08926118427924609,0.00020189188311688333,27213595.367637444,0.00028466221887564556,0.17725809812194881,18480
187,3960,4.622718014645173,6.323918371996984,0.12035063084348759,0.547979797979798,4.663758205103789,0.8799810936532549,0.00026616845238095133,28317136.178699676,0.0002803455877946181,0.20529119196451495,18480
188,3960,9.036369107147888,12.363093598545895,0.1125225873278083,0.5404040404040404,9.074830355987375,0.42382333697413577,0.0004234866883116888,7339014.732696428,0.0005456868017229952,0.2637812566058759,18480
189,3960,4.710516326011404,7.05653129518876,0.02664671555877684,0.5328282828282829,4.733016546495455,0.47538858702515274,0.0003256972402597407,16836149.84053463,0.00033509644506030074,0.2377507793385803,18480
190,3960,5.433251663265288,7.415533685344878,0.17088314185545664,0.5325757575757576,5.509558501091162,1.3849900642812096,0.0006865564393939389,27196636.176699676,0.0005145883262119035,0.19329902602518564,18480
191,3960,6.370663462649781,8.507888982056288,0.08144049216095488,0.5318181818181819,6.4056998829242415,0.5469569432663784,0.0002731119588744581,410138537.23800594,0.00046172641700214606,0.16592496416857055,18480
192,3960,4.777071939121888,6.579745124941913,0.23416219645401234,0.5714646464646465,4.902867054823233,2.565746007279408,0.0005323686688311693,7150219.12473539,0.00039439029977564056,0.1900129040379751,18480
193,3960,4.16334715355021,5.713476327622686,0.1359197314233329,0.5462121212121213,4.209460034531566,1.0954583391474755,0.0001791513528138532,98484508.43074729,0.0003694323595371956,0.20636955917142613,18480
194,3960,6.536185623532938,8.948458292677891,0.1392713060793255,0.5484848484848485,6.60723176554899,1.0752784908574948,0.00037137765151515177,8084915.318525973,0.00044830592447053346,0.41698721174570286,18480
195,3960,4.3680868465502005,5.788541619081077,0.1452667999379165,0.5338383838383839,4.4227215389270205,1.235318387014586,0.00015793051948051928,28877753.464436147,0.00025524454352407764,0.21492572218229467,18480
196,3960,5.468316130628831,7.4865813561597365,0.10413357784299442,0.5351010101010101,5.505445776092677,0.674416695285259,0.00032794042207792186,6561685.34815368,0.0003055871543107132,0.2777400769521877,18480
197,3960,7.35925015314896,10.342555598802157,0.12448980130851314,0.5381313131313131,7.417012944668687,0.7787877943673676,0.0003577315476190472,14649390.942439394,0.000412858987912992,0.26690065481070346,18480
198,3960,4.1132584463342265,5.529121434129105,0.07684212074716454,0.5338383838383839,4.133342040981313,0.4858923952569536,0.00023527570346320342,99742628.40721212,0.0002700907661335826,0.17659724615206757,18480
199,3960,5.577859380979279,7.5381027928653825,0.12252981075194248,0.5409090909090909,5.620173884383585,0.7529038117820974,0.00036840857771261063,25583194.02642522,0.0004031931503559428,0.1981610655365832,13640
