time_window,window_start,signal,n_train,n_val,pearson_r,pearson_p,spearman_r,spearman_p,mae_model,mae_baseline,mae_reduction_pct,decile_spread_bps,snr
0-60,0,liquidity_imbalance,397409,86394,-0.15148595548829066,0.0,-0.1668803246878345,0.0,6.570854745036938,6.640027919568232,1.041760296330086,-4.925962129139583,0.02348697365745016
0-60,0,auction_imbalance_ratio,397404,86394,-0.03037792191821751,4.2266891776084174e-19,-0.02662952946153292,4.939047570813223e-15,6.6360747654212195,6.640027049634864,0.059522110137516855,-0.648448795984375,0.0009236705199806053
0-60,0,matched_size_ratio,397404,86394,-0.010425650046666696,0.002180813612849745,-0.011125996512525157,0.0010743270033694303,6.639956905402022,6.640027049634864,0.0010563847453835572,-0.20938508125779867,0.00010870599460438584
0-60,0,market_urgency,397404,86394,-0.1786010746442714,0.0,-0.1814791652567961,0.0,6.5236966115941994,6.640027049634864,1.7519572913044337,-6.791131096334839,0.03294937433679012
60-120,60,liquidity_imbalance,397410,86394,-0.10322778898007631,2.7727250708766987e-203,-0.12171192434571186,2.3201753288822423e-282,6.011076639583915,6.044152814222986,0.5472425277077261,-3.4937305976873843,0.010770749267915191
60-120,60,auction_imbalance_ratio,397404,86394,-0.028110079093657783,1.4102601357177248e-16,0.009217526755050581,0.006742275312500898,6.043824091860523,6.044154073004594,0.005459509140334193,0.32201527089849535,0.0007908014193863543
60-120,60,matched_size_ratio,397404,86394,0.010323003192107775,0.002411245820897222,0.01248259660684401,0.00024342344926187858,6.044533235047119,6.044154073004594,-0.006273202799682714,0.026348722239018282,0.0001065757520847997
60-120,60,market_urgency,397404,86394,-0.10942263000319172,2.6417728747896723e-228,-0.12557609201225337,1.4042564766098644e-300,6.008573960924791,6.044154073004594,0.5886698394853536,-4.476982333102662,0.012118409453624055
120-180,120,liquidity_imbalance,397410,86394,-0.09565940787334351,9.921948630127371e-175,-0.11339892989665588,3.768621413415452e-245,6.391646410358001,6.426377108524082,0.5404397778028552,-3.5557137724791668,0.009235231352295365
120-180,120,auction_imbalance_ratio,397404,86394,0.016351969761812274,1.5354729846810282e-06,0.06491497400199607,2.513503198109464e-81,6.4238877215395656,6.42637670141801,0.038730687510046644,1.7509583290439814,0.00026745842997572927
120-180,120,matched_size_ratio,397404,86394,0.018137105672147283,9.747203386189633e-08,0.024167254527913885,1.2086289602660841e-12,6.42699789141535,6.42637670141801,-0.009666255593176342,0.5122934381395033,0.0003290628489011839
120-180,120,market_urgency,397404,86394,-0.07124603743909025,1.296686779432939e-97,-0.11511476147216866,1.3086681524644747e-252,6.405732959967639,6.42637670141801,0.32123453711974165,-4.026251665897801,0.005101895059127245
180-240,180,liquidity_imbalance,397410,86394,-0.09436399162446336,4.596942466521707e-170,-0.11282771373348972,1.0814618825617014e-242,6.684579696609155,6.718662948204044,0.5072921778878701,-3.5864975021148147,0.008984566553443648
180-240,180,auction_imbalance_ratio,397404,86394,0.053194271423999066,3.528417375023666e-55,0.06970284794820909,1.671582075592065e-93,6.710072643726663,6.718662728565216,0.1278540862310464,2.370380425774421,0.00283766004176789
180-240,180,matched_size_ratio,397404,86394,0.007944409992478441,0.019538611500441314,0.002689213138460685,0.4292787046797324,6.721633953387979,6.718662728565216,-0.04422345551191549,0.2226796989121616,6.31176337128424e-05
180-240,180,market_urgency,397404,86394,-0.08384149888965187,1.4924432104503705e-134,-0.11566910220987221,4.812437995162525e-255,6.691605412617685,6.718662728565216,0.402718770693666,-3.938597935486574,0.00707915915574278
240-300,240,liquidity_imbalance,397410,86394,-0.08501508856092244,2.6521234046190114e-138,-0.09406972598137076,5.168452454976221e-169,10.061360905232181,10.105087090678296,0.43271458280108455,-4.140969084197569,0.007280183282971523
240-300,240,auction_imbalance_ratio,397404,86394,0.09064358408204326,5.0560192819324345e-157,0.09207055929241875,5.816523607559201e-162,10.060438226077311,10.105087357842207,0.44184805320109344,6.872986480733912,0.008284325501980246
240-300,240,matched_size_ratio,397404,86394,-0.006479747867359761,0.05683528515833871,0.002022404281529714,0.5522216122191577,10.106539562087896,10.105087357842207,-0.01437102119223397,-0.459274169583625,4.1988895417865646e-05
240-300,240,market_urgency,397404,86394,-0.07397541490510212,4.182614754855645e-105,-0.0986715446437474,7.89608526968602e-186,10.051615366303004,10.105087357842207,0.5291591219912121,-5.142674740254398,0.005502473537531927
300-360,300,liquidity_imbalance,397416,86394,-0.11116707187754304,1.2801445945490733e-235,-0.12401812287452661,3.657693048091542e-293,6.20282760829919,6.2447242409333885,0.670912453740896,-3.6213934731568287,0.012512751933091874
300-360,300,auction_imbalance_ratio,397404,86394,0.033518225805228404,6.548331362223994e-23,0.03527134401974766,3.3834726693974067e-25,6.24411415301806,6.244728662320821,0.009840448416411178,1.2342681340017498,0.0011247350688814999
300-360,300,matched_size_ratio,397404,86394,-0.003677455739895555,0.2797428018998382,-0.00936927730164497,0.005888637523348869,6.2446352982637245,6.244728662320821,0.0014950858899519831,0.030488263804520556,1.352386361130433e-05
300-360,300,market_urgency,397404,86394,-0.11279740836665708,1.4589959371288457e-242,-0.1308466941752473,0.0,6.19554362809347,6.244728662320821,0.7876248414782359,-4.616830774791898,0.01288722275995851
360-420,360,liquidity_imbalance,397416,86394,-0.10629996308287082,1.661033985951335e-215,-0.12319101235615046,2.893491181200871e-289,5.554901657669765,5.591280875902976,0.6506419376997596,-3.054646157499074,0.011428824232612664
360-420,360,auction_imbalance_ratio,397404,86394,-0.009694874797084203,0.0043770617111560835,-0.022966922173479405,1.4639783946119977e-11,5.59236314044228,5.591280311239098,-0.019366390932061044,-0.10545294732502372,9.399943239393798e-05
360-420,360,matched_size_ratio,397404,86394,-0.01373486249987536,5.409286037664934e-05,-0.00032469200644891385,0.923969415072387,5.591055950414255,5.591280311239098,0.004012691411520309,-0.3211870072185487,0.00018868204208750296
360-420,360,market_urgency,397404,86394,-0.08968564127219224,9.454368785872697e-154,-0.12568223189579986,4.352728291691453e-301,5.564918481291459,5.591280311239098,0.4714811005745663,-3.515068305854051,0.008108736991951897
420-480,420,liquidity_imbalance,397416,86394,-0.0942417282830871,1.2574905501035386e-169,-0.11260195987077552,1.004339862071085e-241,5.248032832639895,5.2759166376855795,0.5285110997871341,-2.5998782386497683,0.008961091312291046
420-480,420,auction_imbalance_ratio,397404,86394,0.02444186709071945,6.714217997565372e-13,-0.03417883145995861,9.287479442809863e-24,5.2746446029013745,5.275915876151346,0.024095783174209365,1.2423664465846063,0.0005977619727921764
420-480,420,matched_size_ratio,397404,86394,-0.006013557264302823,0.07713672371497715,0.008895146733821482,0.008934466766204853,5.277140132079695,5.275915876151346,-0.023204614271491363,-0.16730368945260893,3.616417877157994e-05
420-480,420,market_urgency,397404,86394,-0.06509791465284415,8.932551748484974e-82,-0.1184850781366479,1.3499445283227763e-267,5.256168939103412,5.275915876151346,0.37428453204107703,-2.986665763873363,0.004255773346674044
480-540,480,liquidity_imbalance,463651,100793,-0.05341287773740043,1.3839232146879728e-64,-0.0627350595942651,1.9647222819996505e-88,5.492031631226954,5.4973153716243415,0.09611492228844226,-1.8024492499834324,0.002861098036370863
480-540,480,auction_imbalance_ratio,463638,100793,0.04456959132872067,1.6960247652558763e-45,0.06387676971005402,1.2852749603651097e-91,5.486568018105542,5.497316111882479,0.19551529433981063,1.986569974640179,0.0019904023028207017
480-540,480,matched_size_ratio,463638,100793,-0.0184843764106343,4.388748594345176e-09,0.009158479988712512,0.003641542541706307,5.498279694561969,5.497316111882479,-0.017528238505463582,-0.23418735838458543,0.00034178895106304645
480-540,480,market_urgency,463638,100793,-0.04222045302861657,5.289176550951666e-41,-0.06682696189854206,4.109662121614169e-100,5.496279204016116,5.497316111882479,0.018862074606211685,-2.2388865247888887,0.0017857498721159325
