,count,mean,std,min,25%,50%,75%,max
mid_price,3642870.0,0.9999424729120171,0.00257223064366488,0.937371,0.9986740000000001,0.999922,1.001135,1.052754
spread,3642870.0,0.0005407923033212822,0.0005234003169020232,2.9999999999752447e-06,0.00022300000000008424,0.0003830000000000222,0.0006720000000000059,0.016171000000000046
liquidity_imbalance,3642980.0,-0.014069858036847181,0.5848735788918468,-0.9999126536968475,-0.5003809010383165,-0.0036527338482984987,0.47003467541936067,0.9999401419283014
market_urgency,3642870.0,-7.056433725340494e-06,0.00045030029759711096,-0.012101046985135982,-0.0001649568375751926,-1.5301552604278153e-06,0.00015404511928718306,0.013536063706686011
signed_imbalance_size,3642870.0,-137760.8122514392,20020813.742595427,-1192693599.62,-1104839.8875000002,0.0,978008.0225,1228661266.7
auction_imbalance_ratio,3642870.0,0.006185990328202394,0.6795085616402426,-123.91200472226276,-0.07684633552796981,0.0,0.07641358999347728,74.96666979036472
matched_size_ratio,3642870.0,0.8638375283702282,0.16828733172102323,0.008005635665070468,0.7954036794361019,0.9288230420038784,0.9969277987683534,1.0
ref_mid_dist,3642870.0,-2.0412675676668713e-07,0.00031151152955353654,-0.010044089525776956,-0.00014065112949798232,0.0,0.00014023232926857148,0.020027038084817237
far_near_dist,1628479.0,0.002909774803573065,0.8590591366320043,-0.987119828237499,-0.00030363321080236416,0.0,0.0002118170428180869,438.33633691786173
